{
  "best_val_acc": 0.9117647079860463,
  "test_loss": 0.5050974098814369,
  "test_acc": 0.8838835583021629,
  "checkpoint": "outputs/classification/best_baseline_pretrained.pt"
}